Predecessor TID,	Predecessor JID,	Successor TID, Successor JID
1, 800, 1, 1000
1, 801, 1, 1001
1, 802, 1, 1002
1, 803, 1, 1003
1, 804, 1, 1004
1, 805, 1, 1005
1, 806, 1, 1006
1, 807, 1, 1007
1, 808, 1, 1008
1, 809, 1, 1009
1, 810, 1, 1010
1, 811, 1, 1011
1, 812, 1, 1012
1, 813, 1, 1013
1, 814, 1, 1014
1, 815, 1, 1015
1, 816, 1, 1016
1, 817, 1, 1017
1, 818, 1, 1018
1, 819, 1, 1019
1, 820, 1, 1020
1, 821, 1, 1021
1, 822, 1, 1022
1, 823, 1, 1023
1, 824, 1, 1024
1, 825, 1, 1025
1, 826, 1, 1026
1, 827, 1, 1027
1, 828, 1, 1028
1, 829, 1, 1029
1, 830, 1, 1030
1, 831, 1, 1031
1, 832, 1, 1032
1, 833, 1, 1033
1, 834, 1, 1034
1, 835, 1, 1035
1, 836, 1, 1036
1, 837, 1, 1037
1, 838, 1, 1038
1, 839, 1, 1039
1, 840, 1, 1040
1, 841, 1, 1041
1, 842, 1, 1042
1, 843, 1, 1043
1, 844, 1, 1044
1, 845, 1, 1045
1, 846, 1, 1046
1, 847, 1, 1047
1, 848, 1, 1048
1, 849, 1, 1049
1, 850, 1, 1050
1, 851, 1, 1051
1, 852, 1, 1052
1, 853, 1, 1053
1, 854, 1, 1054
1, 855, 1, 1055
1, 856, 1, 1056
1, 857, 1, 1057
1, 858, 1, 1058
1, 859, 1, 1059
1, 860, 1, 1060
1, 861, 1, 1061
1, 862, 1, 1062
1, 863, 1, 1063
1, 864, 1, 1064
1, 865, 1, 1065
1, 866, 1, 1066
1, 867, 1, 1067
1, 868, 1, 1068
1, 869, 1, 1069
1, 870, 1, 1070
1, 871, 1, 1071
1, 872, 1, 1072
1, 873, 1, 1073
1, 874, 1, 1074
1, 875, 1, 1075
1, 876, 1, 1076
1, 877, 1, 1077
1, 878, 1, 1078
1, 879, 1, 1079
1, 880, 1, 1080
1, 881, 1, 1081
1, 882, 1, 1082
1, 883, 1, 1083
1, 884, 1, 1084
1, 885, 1, 1085
1, 886, 1, 1086
1, 887, 1, 1087
1, 888, 1, 1088
1, 889, 1, 1089
1, 890, 1, 1090
1, 891, 1, 1091
1, 892, 1, 1092
1, 893, 1, 1093
1, 894, 1, 1094
1, 895, 1, 1095
1, 896, 1, 1096
1, 897, 1, 1097
1, 898, 1, 1098
1, 899, 1, 1099
1, 900, 1, 1100
1, 901, 1, 1101
1, 902, 1, 1102
1, 903, 1, 1103
1, 904, 1, 1104
1, 905, 1, 1105
1, 906, 1, 1106
1, 907, 1, 1107
1, 908, 1, 1108
1, 909, 1, 1109
1, 910, 1, 1110
1, 911, 1, 1111
1, 912, 1, 1112
1, 913, 1, 1113
1, 914, 1, 1114
1, 915, 1, 1115
1, 916, 1, 1116
1, 917, 1, 1117
1, 918, 1, 1118
1, 919, 1, 1119
1, 920, 1, 1120
1, 921, 1, 1121
1, 922, 1, 1122
1, 923, 1, 1123
1, 924, 1, 1124
1, 925, 1, 1125
1, 926, 1, 1126
1, 927, 1, 1127
1, 928, 1, 1128
1, 929, 1, 1129
1, 930, 1, 1130
1, 931, 1, 1131
1, 932, 1, 1132
1, 933, 1, 1133
1, 934, 1, 1134
1, 935, 1, 1135
1, 936, 1, 1136
1, 937, 1, 1137
1, 938, 1, 1138
1, 939, 1, 1139
1, 940, 1, 1140
1, 941, 1, 1141
1, 942, 1, 1142
1, 943, 1, 1143
1, 944, 1, 1144
1, 945, 1, 1145
1, 946, 1, 1146
1, 947, 1, 1147
1, 948, 1, 1148
1, 949, 1, 1149
1, 950, 1, 1150
1, 951, 1, 1151
1, 952, 1, 1152
1, 953, 1, 1153
1, 954, 1, 1154
1, 955, 1, 1155
1, 956, 1, 1156
1, 957, 1, 1157
1, 958, 1, 1158
1, 959, 1, 1159
1, 960, 1, 1160
1, 961, 1, 1161
1, 962, 1, 1162
1, 963, 1, 1163
1, 964, 1, 1164
1, 965, 1, 1165
1, 966, 1, 1166
1, 967, 1, 1167
1, 968, 1, 1168
1, 969, 1, 1169
1, 970, 1, 1170
1, 971, 1, 1171
1, 972, 1, 1172
1, 973, 1, 1173
1, 974, 1, 1174
1, 975, 1, 1175
1, 976, 1, 1176
1, 977, 1, 1177
1, 978, 1, 1178
1, 979, 1, 1179
1, 980, 1, 1180
1, 981, 1, 1181
1, 982, 1, 1182
1, 983, 1, 1183
1, 984, 1, 1184
1, 985, 1, 1185
1, 986, 1, 1186
1, 987, 1, 1187
1, 988, 1, 1188
1, 989, 1, 1189
1, 990, 1, 1190
1, 991, 1, 1191
1, 992, 1, 1192
1, 993, 1, 1193
1, 994, 1, 1194
1, 995, 1, 1195
1, 996, 1, 1196
1, 997, 1, 1197
1, 998, 1, 1198
1, 999, 1, 1199
2, 1200, 2, 1360
2, 1201, 2, 1361
2, 1202, 2, 1362
2, 1203, 2, 1363
2, 1204, 2, 1364
2, 1205, 2, 1365
2, 1206, 2, 1366
2, 1207, 2, 1367
2, 1208, 2, 1368
2, 1209, 2, 1369
2, 1210, 2, 1370
2, 1211, 2, 1371
2, 1212, 2, 1372
2, 1213, 2, 1373
2, 1214, 2, 1374
2, 1215, 2, 1375
2, 1216, 2, 1376
2, 1217, 2, 1377
2, 1218, 2, 1378
2, 1219, 2, 1379
2, 1220, 2, 1380
2, 1221, 2, 1381
2, 1222, 2, 1382
2, 1223, 2, 1383
2, 1224, 2, 1384
2, 1225, 2, 1385
2, 1226, 2, 1386
2, 1227, 2, 1387
2, 1228, 2, 1388
2, 1229, 2, 1389
2, 1230, 2, 1390
2, 1231, 2, 1391
2, 1232, 2, 1392
2, 1233, 2, 1393
2, 1234, 2, 1394
2, 1235, 2, 1395
2, 1236, 2, 1396
2, 1237, 2, 1397
2, 1238, 2, 1398
2, 1239, 2, 1399
2, 1200, 2, 1400
2, 1201, 2, 1401
2, 1202, 2, 1402
2, 1203, 2, 1403
2, 1204, 2, 1404
2, 1205, 2, 1405
2, 1206, 2, 1406
2, 1207, 2, 1407
2, 1208, 2, 1408
2, 1209, 2, 1409
2, 1210, 2, 1410
2, 1211, 2, 1411
2, 1212, 2, 1412
2, 1213, 2, 1413
2, 1214, 2, 1414
2, 1215, 2, 1415
2, 1216, 2, 1416
2, 1217, 2, 1417
2, 1218, 2, 1418
2, 1219, 2, 1419
2, 1220, 2, 1420
2, 1221, 2, 1421
2, 1222, 2, 1422
2, 1223, 2, 1423
2, 1224, 2, 1424
2, 1225, 2, 1425
2, 1226, 2, 1426
2, 1227, 2, 1427
2, 1228, 2, 1428
2, 1229, 2, 1429
2, 1230, 2, 1430
2, 1231, 2, 1431
2, 1232, 2, 1432
2, 1233, 2, 1433
2, 1234, 2, 1434
2, 1235, 2, 1435
2, 1236, 2, 1436
2, 1237, 2, 1437
2, 1238, 2, 1438
2, 1239, 2, 1439
2, 1240, 2, 1360
2, 1241, 2, 1361
2, 1242, 2, 1362
2, 1243, 2, 1363
2, 1244, 2, 1364
2, 1245, 2, 1365
2, 1246, 2, 1366
2, 1247, 2, 1367
2, 1248, 2, 1368
2, 1249, 2, 1369
2, 1250, 2, 1370
2, 1251, 2, 1371
2, 1252, 2, 1372
2, 1253, 2, 1373
2, 1254, 2, 1374
2, 1255, 2, 1375
2, 1256, 2, 1376
2, 1257, 2, 1377
2, 1258, 2, 1378
2, 1259, 2, 1379
2, 1260, 2, 1380
2, 1261, 2, 1381
2, 1262, 2, 1382
2, 1263, 2, 1383
2, 1264, 2, 1384
2, 1265, 2, 1385
2, 1266, 2, 1386
2, 1267, 2, 1387
2, 1268, 2, 1388
2, 1269, 2, 1389
2, 1270, 2, 1390
2, 1271, 2, 1391
2, 1272, 2, 1392
2, 1273, 2, 1393
2, 1274, 2, 1394
2, 1275, 2, 1395
2, 1276, 2, 1396
2, 1277, 2, 1397
2, 1278, 2, 1398
2, 1279, 2, 1399
2, 1280, 2, 1320
2, 1281, 2, 1321
2, 1282, 2, 1322
2, 1283, 2, 1323
2, 1284, 2, 1324
2, 1285, 2, 1325
2, 1286, 2, 1326
2, 1287, 2, 1327
2, 1288, 2, 1328
2, 1289, 2, 1329
2, 1290, 2, 1330
2, 1291, 2, 1331
2, 1292, 2, 1332
2, 1293, 2, 1333
2, 1294, 2, 1334
2, 1295, 2, 1335
2, 1296, 2, 1336
2, 1297, 2, 1337
2, 1298, 2, 1338
2, 1299, 2, 1339
2, 1300, 2, 1340
2, 1301, 2, 1341
2, 1302, 2, 1342
2, 1303, 2, 1343
2, 1304, 2, 1344
2, 1305, 2, 1345
2, 1306, 2, 1346
2, 1307, 2, 1347
2, 1308, 2, 1348
2, 1309, 2, 1349
2, 1310, 2, 1350
2, 1311, 2, 1351
2, 1312, 2, 1352
2, 1313, 2, 1353
2, 1314, 2, 1354
2, 1315, 2, 1355
2, 1316, 2, 1356
2, 1317, 2, 1357
2, 1318, 2, 1358
2, 1319, 2, 1359
2, 1280, 2, 1360
2, 1281, 2, 1361
2, 1282, 2, 1362
2, 1283, 2, 1363
2, 1284, 2, 1364
2, 1285, 2, 1365
2, 1286, 2, 1366
2, 1287, 2, 1367
2, 1288, 2, 1368
2, 1289, 2, 1369
2, 1290, 2, 1370
2, 1291, 2, 1371
2, 1292, 2, 1372
2, 1293, 2, 1373
2, 1294, 2, 1374
2, 1295, 2, 1375
2, 1296, 2, 1376
2, 1297, 2, 1377
2, 1298, 2, 1378
2, 1299, 2, 1379
2, 1300, 2, 1380
2, 1301, 2, 1381
2, 1302, 2, 1382
2, 1303, 2, 1383
2, 1304, 2, 1384
2, 1305, 2, 1385
2, 1306, 2, 1386
2, 1307, 2, 1387
2, 1308, 2, 1388
2, 1309, 2, 1389
2, 1310, 2, 1390
2, 1311, 2, 1391
2, 1312, 2, 1392
2, 1313, 2, 1393
2, 1314, 2, 1394
2, 1315, 2, 1395
2, 1316, 2, 1396
2, 1317, 2, 1397
2, 1318, 2, 1398
2, 1319, 2, 1399
2, 1320, 2, 1480
2, 1321, 2, 1481
2, 1322, 2, 1482
2, 1323, 2, 1483
2, 1324, 2, 1484
2, 1325, 2, 1485
2, 1326, 2, 1486
2, 1327, 2, 1487
2, 1328, 2, 1488
2, 1329, 2, 1489
2, 1330, 2, 1490
2, 1331, 2, 1491
2, 1332, 2, 1492
2, 1333, 2, 1493
2, 1334, 2, 1494
2, 1335, 2, 1495
2, 1336, 2, 1496
2, 1337, 2, 1497
2, 1338, 2, 1498
2, 1339, 2, 1499
2, 1340, 2, 1500
2, 1341, 2, 1501
2, 1342, 2, 1502
2, 1343, 2, 1503
2, 1344, 2, 1504
2, 1345, 2, 1505
2, 1346, 2, 1506
2, 1347, 2, 1507
2, 1348, 2, 1508
2, 1349, 2, 1509
2, 1350, 2, 1510
2, 1351, 2, 1511
2, 1352, 2, 1512
2, 1353, 2, 1513
2, 1354, 2, 1514
2, 1355, 2, 1515
2, 1356, 2, 1516
2, 1357, 2, 1517
2, 1358, 2, 1518
2, 1359, 2, 1519
2, 1360, 2, 1400
2, 1361, 2, 1401
2, 1362, 2, 1402
2, 1363, 2, 1403
2, 1364, 2, 1404
2, 1365, 2, 1405
2, 1366, 2, 1406
2, 1367, 2, 1407
2, 1368, 2, 1408
2, 1369, 2, 1409
2, 1370, 2, 1410
2, 1371, 2, 1411
2, 1372, 2, 1412
2, 1373, 2, 1413
2, 1374, 2, 1414
2, 1375, 2, 1415
2, 1376, 2, 1416
2, 1377, 2, 1417
2, 1378, 2, 1418
2, 1379, 2, 1419
2, 1380, 2, 1420
2, 1381, 2, 1421
2, 1382, 2, 1422
2, 1383, 2, 1423
2, 1384, 2, 1424
2, 1385, 2, 1425
2, 1386, 2, 1426
2, 1387, 2, 1427
2, 1388, 2, 1428
2, 1389, 2, 1429
2, 1390, 2, 1430
2, 1391, 2, 1431
2, 1392, 2, 1432
2, 1393, 2, 1433
2, 1394, 2, 1434
2, 1395, 2, 1435
2, 1396, 2, 1436
2, 1397, 2, 1437
2, 1398, 2, 1438
2, 1399, 2, 1439
2, 1400, 2, 1520
2, 1401, 2, 1521
2, 1402, 2, 1522
2, 1403, 2, 1523
2, 1404, 2, 1524
2, 1405, 2, 1525
2, 1406, 2, 1526
2, 1407, 2, 1527
2, 1408, 2, 1528
2, 1409, 2, 1529
2, 1410, 2, 1530
2, 1411, 2, 1531
2, 1412, 2, 1532
2, 1413, 2, 1533
2, 1414, 2, 1534
2, 1415, 2, 1535
2, 1416, 2, 1536
2, 1417, 2, 1537
2, 1418, 2, 1538
2, 1419, 2, 1539
2, 1420, 2, 1540
2, 1421, 2, 1541
2, 1422, 2, 1542
2, 1423, 2, 1543
2, 1424, 2, 1544
2, 1425, 2, 1545
2, 1426, 2, 1546
2, 1427, 2, 1547
2, 1428, 2, 1548
2, 1429, 2, 1549
2, 1430, 2, 1550
2, 1431, 2, 1551
2, 1432, 2, 1552
2, 1433, 2, 1553
2, 1434, 2, 1554
2, 1435, 2, 1555
2, 1436, 2, 1556
2, 1437, 2, 1557
2, 1438, 2, 1558
2, 1439, 2, 1559
2, 1440, 2, 1560
2, 1441, 2, 1561
2, 1442, 2, 1562
2, 1443, 2, 1563
2, 1444, 2, 1564
2, 1445, 2, 1565
2, 1446, 2, 1566
2, 1447, 2, 1567
2, 1448, 2, 1568
2, 1449, 2, 1569
2, 1450, 2, 1570
2, 1451, 2, 1571
2, 1452, 2, 1572
2, 1453, 2, 1573
2, 1454, 2, 1574
2, 1455, 2, 1575
2, 1456, 2, 1576
2, 1457, 2, 1577
2, 1458, 2, 1578
2, 1459, 2, 1579
2, 1460, 2, 1580
2, 1461, 2, 1581
2, 1462, 2, 1582
2, 1463, 2, 1583
2, 1464, 2, 1584
2, 1465, 2, 1585
2, 1466, 2, 1586
2, 1467, 2, 1587
2, 1468, 2, 1588
2, 1469, 2, 1589
2, 1470, 2, 1590
2, 1471, 2, 1591
2, 1472, 2, 1592
2, 1473, 2, 1593
2, 1474, 2, 1594
2, 1475, 2, 1595
2, 1476, 2, 1596
2, 1477, 2, 1597
2, 1478, 2, 1598
2, 1479, 2, 1599
3, 1640, 3, 1700
3, 1641, 3, 1701
3, 1642, 3, 1702
3, 1643, 3, 1703
3, 1644, 3, 1704
3, 1645, 3, 1705
3, 1646, 3, 1706
3, 1647, 3, 1707
3, 1648, 3, 1708
3, 1649, 3, 1709
3, 1650, 3, 1710
3, 1651, 3, 1711
3, 1652, 3, 1712
3, 1653, 3, 1713
3, 1654, 3, 1714
3, 1655, 3, 1715
3, 1656, 3, 1716
3, 1657, 3, 1717
3, 1658, 3, 1718
3, 1659, 3, 1719
3, 1660, 3, 1720
3, 1661, 3, 1721
3, 1662, 3, 1722
3, 1663, 3, 1723
3, 1664, 3, 1724
3, 1665, 3, 1725
3, 1666, 3, 1726
3, 1667, 3, 1727
3, 1668, 3, 1728
3, 1669, 3, 1729
3, 1670, 3, 1730
3, 1671, 3, 1731
3, 1672, 3, 1732
3, 1673, 3, 1733
3, 1674, 3, 1734
3, 1675, 3, 1735
3, 1676, 3, 1736
3, 1677, 3, 1737
3, 1678, 3, 1738
3, 1679, 3, 1739
3, 1680, 3, 1700
3, 1681, 3, 1701
3, 1682, 3, 1702
3, 1683, 3, 1703
3, 1684, 3, 1704
3, 1685, 3, 1705
3, 1686, 3, 1706
3, 1687, 3, 1707
3, 1688, 3, 1708
3, 1689, 3, 1709
3, 1690, 3, 1710
3, 1691, 3, 1711
3, 1692, 3, 1712
3, 1693, 3, 1713
3, 1694, 3, 1714
3, 1695, 3, 1715
3, 1696, 3, 1716
3, 1697, 3, 1717
3, 1698, 3, 1718
3, 1699, 3, 1719
4, 1740, 4, 1760
4, 1741, 4, 1761
4, 1742, 4, 1762
4, 1743, 4, 1763
4, 1744, 4, 1764
4, 1745, 4, 1765
4, 1746, 4, 1766
4, 1747, 4, 1767
4, 1748, 4, 1768
4, 1749, 4, 1769
4, 1750, 4, 1770
4, 1751, 4, 1771
4, 1752, 4, 1772
4, 1753, 4, 1773
4, 1754, 4, 1774
4, 1755, 4, 1775
4, 1756, 4, 1776
4, 1757, 4, 1777
4, 1758, 4, 1778
4, 1759, 4, 1779
5, 1810, 5, 1820
5, 1811, 5, 1821
5, 1812, 5, 1822
5, 1813, 5, 1823
5, 1814, 5, 1824
5, 1815, 5, 1825
5, 1816, 5, 1826
5, 1817, 5, 1827
5, 1818, 5, 1828
5, 1819, 5, 1829
6, 1830, 6, 1860
6, 1831, 6, 1861
6, 1832, 6, 1862
6, 1833, 6, 1863
6, 1834, 6, 1864
6, 1835, 6, 1865
6, 1836, 6, 1866
6, 1837, 6, 1867
6, 1838, 6, 1868
6, 1839, 6, 1869
6, 1830, 6, 1870
6, 1831, 6, 1871
6, 1832, 6, 1872
6, 1833, 6, 1873
6, 1834, 6, 1874
6, 1835, 6, 1875
6, 1836, 6, 1876
6, 1837, 6, 1877
6, 1838, 6, 1878
6, 1839, 6, 1879
6, 1850, 6, 1920
6, 1851, 6, 1921
6, 1852, 6, 1922
6, 1853, 6, 1923
6, 1854, 6, 1924
6, 1855, 6, 1925
6, 1856, 6, 1926
6, 1857, 6, 1927
6, 1858, 6, 1928
6, 1859, 6, 1929
6, 1860, 6, 1880
6, 1861, 6, 1881
6, 1862, 6, 1882
6, 1863, 6, 1883
6, 1864, 6, 1884
6, 1865, 6, 1885
6, 1866, 6, 1886
6, 1867, 6, 1887
6, 1868, 6, 1888
6, 1869, 6, 1889
6, 1860, 6, 1890
6, 1861, 6, 1891
6, 1862, 6, 1892
6, 1863, 6, 1893
6, 1864, 6, 1894
6, 1865, 6, 1895
6, 1866, 6, 1896
6, 1867, 6, 1897
6, 1868, 6, 1898
6, 1869, 6, 1899
6, 1870, 6, 1900
6, 1871, 6, 1901
6, 1872, 6, 1902
6, 1873, 6, 1903
6, 1874, 6, 1904
6, 1875, 6, 1905
6, 1876, 6, 1906
6, 1877, 6, 1907
6, 1878, 6, 1908
6, 1879, 6, 1909
6, 1890, 6, 1910
6, 1891, 6, 1911
6, 1892, 6, 1912
6, 1893, 6, 1913
6, 1894, 6, 1914
6, 1895, 6, 1915
6, 1896, 6, 1916
6, 1897, 6, 1917
6, 1898, 6, 1918
6, 1899, 6, 1919
6, 1900, 6, 1910
6, 1901, 6, 1911
6, 1902, 6, 1912
6, 1903, 6, 1913
6, 1904, 6, 1914
6, 1905, 6, 1915
6, 1906, 6, 1916
6, 1907, 6, 1917
6, 1908, 6, 1918
6, 1909, 6, 1919
8, 1954, 8, 1974
8, 1955, 8, 1975
8, 1956, 8, 1976
8, 1957, 8, 1977
8, 1958, 8, 1978
8, 1959, 8, 1979
8, 1960, 8, 1980
8, 1961, 8, 1981
8, 1962, 8, 1982
8, 1963, 8, 1983
8, 1954, 8, 1984
8, 1955, 8, 1985
8, 1956, 8, 1986
8, 1957, 8, 1987
8, 1958, 8, 1988
8, 1959, 8, 1989
8, 1960, 8, 1990
8, 1961, 8, 1991
8, 1962, 8, 1992
8, 1963, 8, 1993
8, 1954, 8, 1994
8, 1955, 8, 1995
8, 1956, 8, 1996
8, 1957, 8, 1997
8, 1958, 8, 1998
8, 1959, 8, 1999
8, 1960, 8, 2000
8, 1961, 8, 2001
8, 1962, 8, 2002
8, 1963, 8, 2003
8, 1964, 8, 1974
8, 1965, 8, 1975
8, 1966, 8, 1976
8, 1967, 8, 1977
8, 1968, 8, 1978
8, 1969, 8, 1979
8, 1970, 8, 1980
8, 1971, 8, 1981
8, 1972, 8, 1982
8, 1973, 8, 1983
8, 1964, 8, 2004
8, 1965, 8, 2005
8, 1966, 8, 2006
8, 1967, 8, 2007
8, 1968, 8, 2008
8, 1969, 8, 2009
8, 1970, 8, 2010
8, 1971, 8, 2011
8, 1972, 8, 2012
8, 1973, 8, 2013
